student_id,mark1,mark2,mark3,attendance,fee_paid_flag,edu_loan_flag,yearly_income,yearly_fees,dropped_out
1,39,28,60,55,0,0,668106,123158,1
2,29,28,36,53,1,1,687925,314951,0
3,96,50,94,66,1,1,662297,285514,0
4,25,45,79,61,1,0,782738,131516,0
5,73,37,70,94,1,1,921327,366526,0
6,58,30,83,74,1,1,461779,248461,0
7,35,95,62,93,1,1,1518353,374282,0
8,71,98,49,85,1,0,345867,74025,0
9,35,54,37,64,1,1,782952,287717,0
10,71,45,72,62,1,1,639368,189973,1
11,34,46,93,86,1,0,713405,135669,0
12,96,53,66,93,1,1,317310,170087,0
13,29,65,76,57,1,1,338807,160615,1
14,97,65,52,81,1,1,1246963,257425,0
15,83,43,58,48,1,1,717215,344318,0
16,99,79,99,65,1,1,959161,164987,0
17,88,36,31,95,1,1,429950,130132,0
18,45,79,33,64,1,1,1000313,362417,1
19,92,57,95,95,1,1,224077,110058,0
20,93,59,68,47,1,1,815514,277942,0
21,25,58,89,88,1,1,574660,316171,0
22,38,63,89,78,0,0,617146,130131,0
23,94,92,25,78,1,1,879804,306170,0
24,27,39,71,96,0,0,844903,175541,0
25,35,87,33,88,1,0,1317165,115934,0
26,95,46,58,73,1,1,1472119,271846,0
27,94,50,64,65,1,0,1608629,390723,0
28,53,33,68,41,0,0,1433772,340414,0
29,32,54,33,97,1,1,265877,223239,0
30,34,90,55,57,0,0,1602948,304496,1
31,98,98,85,55,0,0,1191896,263416,1
32,70,79,77,69,0,0,1728982,78401,0
33,68,38,56,52,1,1,598896,331168,0
34,79,48,60,69,0,0,723882,89523,0
35,94,26,36,99,1,0,1780341,173930,0
36,86,52,76,97,1,1,322967,136317,0
37,73,25,74,56,1,0,1154221,199552,0
38,62,52,32,77,1,0,1742952,334266,0
39,32,31,99,70,1,1,1254553,328463,0
40,45,32,90,45,0,0,589703,85924,1
41,97,56,99,78,1,1,283344,374734,0
42,35,78,99,76,1,1,1296354,215868,0
43,51,65,55,56,1,0,1030023,118617,0
44,34,26,83,79,0,0,1380683,102418,0
45,89,58,41,99,1,1,931924,86066,0
46,72,61,45,68,0,0,1339210,208606,1
47,95,63,38,100,1,1,481628,188656,0
48,39,38,95,49,1,1,771155,197721,0
49,68,51,58,72,1,1,1224525,181659,0
50,31,36,79,93,0,0,780240,73114,0
51,58,45,81,75,0,0,1679891,274231,0
52,34,44,94,42,1,1,974302,355402,0
53,80,41,30,59,1,1,964729,70916,0
54,56,38,70,89,1,1,1374160,263058,0
55,44,55,45,91,1,1,571305,266161,0
56,28,47,67,90,0,0,1063425,180111,0
57,73,29,85,54,1,1,618534,291331,0
58,54,53,28,82,1,1,605022,258910,0
59,67,60,33,89,1,1,785367,234101,0
60,90,76,93,61,1,1,257882,110472,1
61,58,47,99,56,1,1,280231,106834,0
62,69,65,80,78,0,0,1272531,110631,0
63,57,30,80,40,1,1,1290351,332303,0
64,50,71,80,44,0,0,1593007,223119,1
65,63,89,64,82,1,0,1056462,221013,0
66,95,41,49,66,0,0,1594458,248781,1
67,63,76,95,93,1,1,200851,209317,0
68,61,51,80,90,1,1,1416316,368065,0
69,66,84,81,68,0,0,1616893,162041,1
70,61,90,67,45,0,0,1775250,173138,1
71,43,28,30,55,1,1,1196433,370483,1
72,34,83,78,96,1,0,1520713,351817,0
73,88,76,56,49,1,1,1575853,52907,1
74,38,79,53,51,0,0,1659432,321559,1
75,40,83,42,91,1,1,1174427,328466,0
76,96,65,81,79,1,0,1708426,314649,0
77,45,85,82,56,1,1,1776590,179624,0
78,91,87,55,57,0,0,1122479,90623,0
79,65,94,35,48,1,1,516314,171247,0
80,44,52,33,66,1,0,1054797,223477,0
81,78,74,99,100,1,1,1658617,60240,0
82,98,73,86,40,1,1,937691,206559,1
83,78,93,94,91,1,0,1465112,165625,0
84,80,87,28,64,1,1,904914,261978,1
85,84,41,93,41,1,1,1026320,360322,0
86,28,35,79,48,1,0,1168251,145278,0
87,83,66,68,88,1,1,995085,195886,0
88,78,57,35,70,1,1,240649,332810,0
89,31,69,53,81,1,1,343903,391707,0
90,30,28,56,52,1,1,242739,375758,0
91,41,85,39,76,1,1,657104,293811,0
92,57,72,46,78,1,1,1473490,110048,0
93,45,64,38,77,1,1,253851,213555,0
94,98,73,75,100,0,0,1699494,153981,0
95,38,63,40,90,1,0,1386846,71532,0
96,72,33,89,81,1,1,915613,56633,0
97,87,38,80,63,1,0,1532918,291035,0
98,91,59,93,89,1,0,1213967,293727,0
99,66,56,36,57,1,1,1145400,177854,0
100,73,68,28,71,1,0,881604,145336,0
101,58,68,60,96,0,0,1450227,194844,0
102,35,55,77,71,1,0,1364288,175998,0
103,82,27,36,58,1,1,664721,262022,0
104,64,99,72,70,1,0,1360716,328355,0
105,70,83,59,59,0,0,727231,170868,0
106,93,48,49,53,1,0,1748966,303859,1
107,49,62,54,63,1,1,576316,208475,0
108,93,41,60,42,1,1,314349,340119,0
109,41,87,38,95,1,1,225722,350974,0
110,61,85,86,68,1,1,914512,146659,0
111,86,39,33,65,0,0,1231267,88840,0
112,97,63,35,55,1,1,448410,342590,1
113,53,91,73,68,1,1,1128453,205898,1
114,64,97,32,79,1,1,1752079,102026,0
115,51,52,58,82,1,1,370262,132343,0
116,55,47,95,44,1,0,528272,51402,0
117,54,61,61,84,1,0,1152172,87318,0
118,100,50,79,47,1,0,1342030,167864,1
119,34,32,46,90,1,1,845108,361974,0
120,97,61,81,47,1,0,1182930,209431,0
121,88,81,35,78,1,1,283594,276507,0
122,66,57,28,45,1,1,680089,351569,0
123,27,59,98,42,1,0,1786010,141850,1
124,48,99,80,80,1,0,1231223,97837,0
125,67,66,38,94,1,1,537274,222912,0
126,77,88,61,82,1,1,1039809,338409,0
127,29,83,36,60,1,1,729318,219488,0
128,76,90,25,82,0,0,1337901,292208,0
129,91,71,88,80,0,0,1127027,77059,0
130,61,81,87,47,1,1,260543,380313,0
131,55,45,64,75,1,1,228677,339538,0
132,77,36,53,93,1,1,437945,291931,0
133,40,44,88,99,1,0,1702826,203019,0
134,78,86,85,55,1,1,1157950,339021,0
135,49,90,42,95,1,1,346402,194833,0
136,78,68,89,57,1,1,205379,198289,1
137,100,99,87,95,1,1,511627,284119,0
138,93,86,69,61,1,0,1357454,334913,1
139,55,98,74,54,1,0,1061457,72883,1
140,73,74,44,71,1,1,277635,116189,0
141,89,100,67,95,1,1,410479,280847,0
142,37,92,83,40,0,0,1715074,125578,0
143,58,68,75,81,1,1,368433,222262,0
144,93,73,65,80,1,1,1707259,305825,0
145,29,33,55,80,1,1,1635289,200669,0
146,36,80,37,88,1,0,1529065,102694,0
147,28,30,66,90,1,1,317690,203809,0
148,70,72,80,49,1,1,712119,328484,0
149,48,46,47,45,0,0,1478196,250563,1
150,99,43,54,69,0,0,1537782,183157,1
151,84,61,94,50,1,1,354899,281593,1
152,100,63,79,84,1,1,724493,289513,0
153,63,50,74,94,1,0,1213360,105917,0
154,98,62,62,41,0,0,1580407,257516,1
155,88,61,54,78,1,0,938870,164821,0
156,42,37,30,59,0,0,1124473,67492,0
157,62,66,78,51,1,1,621097,119289,1
158,71,92,89,98,1,0,771531,136268,0
159,62,68,39,69,1,1,357914,123797,1
160,53,75,96,63,1,1,389378,256870,0
161,93,40,83,63,1,0,1611023,187448,0
162,54,85,28,79,1,1,1377356,221969,0
163,53,33,84,98,0,0,1670265,208434,0
164,42,30,29,59,0,0,1233108,110880,1
165,72,94,78,77,1,1,1756650,131014,0
166,37,87,77,100,0,0,786657,67152,0
167,81,81,55,94,1,1,960607,102090,0
168,72,94,70,43,0,0,1034959,194641,1
169,83,36,52,81,1,1,1541113,363076,0
170,31,67,56,48,0,0,1384005,157586,1
171,54,67,43,90,0,0,1449864,51486,0
172,41,94,57,91,0,0,565946,107633,0
173,41,26,70,90,1,1,698978,358728,0
174,66,27,47,56,1,1,309888,116457,1
175,92,39,33,70,0,0,1140101,239812,0
176,82,89,53,100,1,0,1489972,72735,0
177,83,28,32,70,1,1,1042252,273490,0
178,38,87,81,44,1,1,369429,218879,0
179,33,41,60,79,1,0,1527658,356899,0
180,73,92,62,69,1,1,1260217,367418,0
181,39,95,52,67,1,0,1146979,169796,0
182,37,65,79,60,0,0,1594832,183635,1
183,85,33,36,93,1,1,379022,98879,0
184,80,37,72,91,1,1,472871,341698,0
185,32,100,96,75,1,0,891317,114084,0
186,31,61,64,62,1,1,417266,352995,0
187,44,86,53,94,1,1,426950,233560,0
188,96,72,39,88,1,1,784199,350993,0
189,53,79,96,89,0,0,1503849,371689,0
190,59,28,48,57,1,1,1673666,211996,0
191,48,43,97,82,0,0,1040505,86482,0
192,36,92,52,64,1,1,1080452,287841,0
193,72,64,66,89,1,1,1390329,362592,0
194,35,31,44,50,0,0,1782166,373925,1
195,79,87,81,66,1,1,772872,163020,0
196,80,39,61,83,1,0,1622888,360973,0
197,30,53,75,78,0,0,314886,54030,0
198,42,57,62,60,1,0,451625,54052,0
199,73,93,54,72,0,0,1371728,235685,0
200,80,27,83,98,1,1,363289,214133,0
201,98,79,98,65,0,0,1687927,385618,1
202,66,46,83,93,0,0,1646217,239715,0
203,56,80,100,65,1,0,1298829,91233,1
204,53,67,46,44,1,1,1270561,381992,0
205,90,49,69,62,1,1,1725424,388398,0
206,43,57,50,51,1,1,1463322,130147,0
207,47,88,84,88,1,1,1382238,353808,0
208,82,97,66,95,0,0,1515370,215747,0
209,85,81,63,90,1,1,776032,360074,0
210,32,70,89,44,1,1,850972,292086,0
211,32,72,61,44,1,0,1551963,97341,0
212,95,30,82,98,1,1,1398850,391750,0
213,49,66,85,72,1,0,516378,82439,0
214,35,89,47,42,1,1,719556,279511,1
215,92,91,45,63,1,0,981927,198317,0
216,31,67,33,61,1,1,398193,342533,0
217,61,57,44,61,1,1,370922,355523,0
218,69,64,75,48,1,0,1447891,94417,0
219,67,41,92,45,0,0,1554812,271986,0
220,48,52,68,100,0,0,1219784,150666,0
221,44,34,62,94,1,1,412107,316175,0
222,94,92,29,82,1,1,906246,374026,0
223,41,73,44,50,1,1,579261,377543,1
224,46,81,30,66,1,1,963991,174534,0
225,82,54,93,55,1,1,849001,295899,1
226,49,72,98,68,1,1,1168213,197729,0
227,78,45,50,91,1,1,1468071,122560,0
228,31,86,72,75,1,1,415146,320485,0
229,40,61,35,88,1,1,536199,193021,0
230,82,90,43,93,1,1,1117446,98084,0
231,53,82,69,99,1,1,255931,267525,0
232,31,75,89,63,1,1,694462,252462,1
233,72,53,28,60,1,1,407792,390766,0
234,43,42,29,58,1,1,1190809,122767,0
235,25,35,27,56,1,0,652260,128391,0
236,61,55,63,47,1,1,300137,175010,0
237,83,33,39,93,1,1,1248217,362863,0
238,93,27,90,76,0,0,707381,125275,0
239,70,55,98,66,1,1,592825,398321,0
240,92,71,33,73,1,1,1341022,315985,0
241,89,95,27,64,1,0,1185944,72824,0
242,27,70,33,62,1,1,705677,394511,0
243,99,67,42,42,1,1,938824,336268,0
244,47,84,86,80,1,0,582264,120701,0
245,29,62,50,42,1,0,618318,71970,0
246,94,85,57,42,1,0,1779765,389162,1
247,31,67,59,47,1,1,971792,279088,1
248,81,74,68,51,1,1,1240613,310845,0
249,91,59,35,86,0,0,1090240,91380,0
250,94,62,66,46,1,1,367916,221924,0
251,64,82,79,50,0,0,1646541,282735,1
252,70,80,60,80,1,1,320288,89343,0
253,76,71,90,91,1,1,1772650,133879,0
254,43,81,29,48,1,1,340998,173729,1
255,71,71,74,100,1,0,1389598,66979,0
256,72,72,81,88,1,1,361240,350900,0
257,42,92,71,65,1,1,859314,390556,0
258,39,28,48,71,1,1,1285790,252892,0
259,40,58,58,85,1,1,1135902,162496,0
260,61,87,50,47,1,0,484643,88824,1
261,65,69,33,75,1,1,1337015,202233,0
262,45,47,71,72,1,1,670268,113628,0
263,42,55,88,41,1,1,956854,340466,0
264,84,95,41,79,1,0,380806,84470,0
265,92,77,77,92,1,0,1405653,88666,0
266,34,82,84,83,0,0,1284982,230624,0
267,41,80,89,98,1,1,316209,115096,0
268,91,44,63,50,1,1,539669,219167,1
269,53,69,91,97,1,0,795692,91345,0
270,41,63,93,45,1,1,1253972,386062,0
271,99,44,46,82,0,0,1509627,367267,0
272,28,35,30,100,0,0,1545225,352394,0
273,98,78,28,71,1,0,1515258,336039,0
274,86,56,76,59,0,0,1151150,88258,1
275,86,84,51,61,1,0,1472258,125323,1
276,69,76,41,88,1,1,977079,319997,0
277,96,38,65,55,0,0,1178263,114236,0
278,31,62,74,95,0,0,1490540,269223,0
279,66,98,65,52,1,1,534165,311234,1
280,84,88,64,71,1,1,248604,97211,0
281,75,89,83,55,1,1,651190,355840,0
282,31,61,88,78,0,0,1572082,296723,0
283,38,80,42,96,1,1,754639,241772,0
284,76,71,30,65,1,1,307285,348991,0
285,71,95,61,44,1,1,1010232,314375,0
286,95,60,40,48,1,1,402755,256518,0
287,68,96,71,88,1,1,502550,154363,0
288,90,76,89,42,1,0,295008,70402,1
289,91,83,44,78,1,0,1281093,123285,0
290,45,75,63,77,1,1,905426,315979,0
291,90,93,87,85,0,0,1380537,207176,0
292,72,67,39,66,1,1,1424112,211311,1
293,28,85,58,81,0,0,1413148,352846,0
294,99,86,46,73,1,1,1519161,374920,0
295,73,43,56,42,1,0,1400766,107616,0
296,44,77,51,66,1,1,1252391,370590,1
297,32,42,91,53,1,1,1376264,220419,0
298,73,65,47,69,1,0,1318048,229477,0
299,49,56,60,75,1,1,825998,167895,0
300,63,61,51,84,1,0,1678467,306378,0
301,96,60,61,47,1,0,1402668,334788,1
302,43,62,30,58,1,0,1697662,91434,0
303,86,52,50,92,1,1,1329479,192151,0
304,59,42,38,79,0,0,1753760,357668,0
305,92,53,54,43,1,1,410130,266688,0
306,85,37,42,40,1,0,1354172,132806,0
307,50,61,66,58,1,1,1554546,81018,0
308,98,54,93,87,1,1,1716487,69555,0
309,47,78,47,99,1,1,276210,258139,0
310,88,48,62,96,0,0,278572,54858,0
311,67,61,83,81,0,0,1339383,324893,0
312,89,84,59,52,1,1,436237,223373,0
313,83,57,48,40,1,1,1744799,226743,0
314,49,47,76,92,1,1,1096958,320155,0
315,66,36,76,82,1,1,400037,146878,0
316,42,86,66,99,0,0,720192,53580,0
317,82,59,67,59,1,0,1421508,350352,0
318,32,40,84,59,1,1,534950,262555,0
319,64,40,62,63,0,0,1488962,165788,1
320,83,72,78,84,1,1,1351828,296849,0
321,52,56,35,73,1,1,1136898,326914,0
322,71,34,97,47,1,1,329516,337125,1
323,50,98,93,49,1,1,545059,222028,1
324,81,39,51,85,1,0,1422949,306286,0
325,32,83,41,72,1,1,1071208,289493,0
326,97,32,96,69,1,0,1610896,211569,0
327,25,52,99,44,1,1,294979,272139,0
328,33,94,32,99,1,1,344743,297501,0
329,29,61,77,51,1,1,484014,386343,1
330,78,72,73,68,0,0,991667,246946,1
331,69,40,47,74,1,1,1024303,327265,0
332,41,53,25,88,1,1,247679,206428,0
333,84,94,79,74,1,0,995400,170410,0
334,44,60,49,99,1,0,1720485,109163,0
335,27,55,51,44,1,1,411595,361397,0
336,31,56,30,65,0,0,1120571,172861,0
337,62,54,98,60,1,1,1411052,363481,1
338,66,55,63,96,1,1,500438,396141,0
339,91,53,77,59,0,0,777039,81959,1
340,79,96,88,43,1,1,922290,387282,0
341,92,65,78,66,1,1,512932,207227,0
342,93,85,55,94,1,1,672581,207672,0
343,43,84,32,75,1,1,1065447,268370,0
344,96,92,42,64,1,1,709311,183691,0
345,35,82,72,45,1,0,1323309,149867,0
346,30,34,49,91,0,0,1797393,358063,0
347,86,51,67,59,1,1,232157,161048,1
348,40,86,56,84,0,0,1467521,157223,0
349,95,66,61,64,1,1,1177798,329786,0
350,64,58,71,72,1,0,1242866,294320,0
351,65,51,72,60,0,0,1068074,73968,1
352,27,58,95,99,1,0,1424803,353637,0
353,44,50,67,54,1,1,996581,348733,1
354,88,95,68,56,1,1,1224712,386432,1
355,83,46,70,50,1,1,493514,336547,0
356,94,32,92,42,1,1,355882,75435,0
357,54,33,44,40,1,1,658688,315149,0
358,32,86,87,41,1,1,213867,329032,0
359,26,27,92,86,1,1,776173,330881,0
360,61,27,89,92,1,1,1663516,275744,0
361,47,38,37,73,1,1,512260,176337,0
362,49,92,57,92,1,1,943316,190155,0
363,35,72,76,69,1,1,1384895,177510,0
364,35,29,36,65,0,0,995374,247745,1
365,46,35,88,94,1,1,1109974,388117,0
366,67,97,37,97,1,0,1307630,72309,0
367,59,30,34,83,1,1,787984,334704,0
368,97,29,47,99,1,1,859522,58209,0
369,100,43,75,99,1,1,361349,206907,0
370,45,97,55,76,1,1,1016120,333410,0
371,67,74,42,90,1,0,1645588,91118,0
372,31,37,80,54,1,1,359421,228568,0
373,75,66,28,80,1,1,773208,286218,0
374,87,54,70,75,1,1,987327,276412,0
375,48,99,73,45,1,1,1497331,204863,1
376,35,59,44,64,1,0,1692495,382346,0
377,38,36,25,100,1,1,846483,283169,0
378,71,59,38,48,1,1,383075,148247,0
379,96,96,90,66,0,0,416620,63768,1
380,66,74,26,58,1,1,1067822,253318,1
381,96,56,98,73,1,1,555641,249613,0
382,46,42,59,59,1,1,762889,308538,0
383,46,80,60,66,1,1,828626,303876,1
384,71,57,56,86,0,0,1510790,309943,0
385,83,38,42,59,1,1,214192,257456,0
386,73,67,81,61,1,1,1103067,391330,1
387,42,63,66,78,0,0,1658133,155304,0
388,75,65,62,87,0,0,1657432,381823,0
389,66,73,60,92,0,0,1024044,241373,0
390,100,94,48,83,1,1,1353641,64111,0
391,84,51,81,91,1,1,810965,86259,0
392,77,88,42,80,0,0,835086,176888,0
393,79,73,34,68,1,0,1453958,301257,0
394,71,93,35,46,1,1,720578,394772,0
395,46,30,97,81,1,0,1620761,389079,0
396,80,38,26,46,0,0,742613,166392,1
397,75,84,100,84,0,0,1249552,129033,0
398,86,38,62,66,1,1,380050,110853,1
399,43,69,64,61,1,0,1154901,158458,0
400,81,82,65,44,1,1,829699,73426,0
401,68,38,46,99,0,0,1752919,177880,0
402,67,96,79,69,1,1,686236,262361,0
403,48,80,75,41,1,1,1746415,371968,0
404,79,74,25,85,0,0,650460,157890,0
405,98,38,93,51,0,0,967123,220909,0
406,87,92,65,78,1,1,1015035,370501,0
407,75,100,39,62,1,1,938165,290050,0
408,63,100,35,83,1,1,480908,214199,0
409,40,55,64,47,1,1,583872,245719,0
410,90,74,78,78,1,1,489128,351363,0
411,74,79,48,71,0,0,1532743,331741,0
412,96,46,87,58,1,1,494223,148093,0
413,82,31,70,100,1,1,220097,304074,0
414,42,49,74,75,1,1,1259980,392396,0
415,88,77,87,66,0,0,1689276,282706,1
416,53,62,29,57,1,1,671530,331861,0
417,83,97,88,75,1,0,1271237,109355,0
418,94,71,94,92,1,1,1787095,71815,0
419,81,94,52,67,1,1,414782,392712,1
420,63,29,82,56,0,0,931018,95604,1
421,55,51,100,84,1,1,935326,369952,0
422,79,46,42,90,1,1,633312,158497,0
423,32,97,69,74,1,1,789478,362925,0
424,93,46,66,85,0,0,813699,201693,0
425,42,77,32,57,0,0,1575514,116525,0
426,66,56,75,71,1,1,498155,352737,0
427,59,78,73,68,1,1,358369,382203,1
428,36,76,90,87,1,1,783481,243499,0
429,83,87,66,77,1,1,205186,98833,0
430,83,70,33,90,1,0,1320769,258517,0
431,52,88,59,60,1,1,794737,227080,0
432,41,97,87,90,1,0,920874,75380,0
433,27,40,45,68,1,1,1157387,50354,0
434,41,63,45,95,1,0,774660,98937,0
435,35,72,46,43,1,1,1031188,377996,0
436,54,79,36,85,0,0,399614,50569,0
437,41,100,53,73,1,0,1626027,283343,0
438,40,79,41,70,1,1,348537,170034,0
439,74,36,38,46,1,1,857145,242708,1
440,42,73,42,81,0,0,1620059,124896,0
441,46,81,69,86,1,1,646809,379294,0
442,44,77,81,95,1,1,655595,95449,0
443,42,40,100,86,1,1,1005373,234305,0
444,65,42,56,57,1,0,1551867,94170,1
445,28,63,51,73,1,0,1472817,317136,0
446,62,31,55,71,0,0,1009260,109110,0
447,92,26,71,99,1,0,863691,119197,0
448,71,94,47,88,0,0,1187789,88268,0
449,26,58,52,42,1,1,326812,258653,0
450,89,78,79,84,0,0,1043636,93215,0
451,60,35,64,45,1,1,1272283,156534,0
452,66,75,100,80,1,0,1562812,387198,0
453,55,32,56,45,0,0,1111178,110810,0
454,47,40,26,85,1,0,487753,55950,0
455,91,91,58,50,1,0,979866,116548,1
456,40,28,67,91,1,0,1100358,192596,0
457,98,34,88,69,0,0,1271187,238808,0
458,57,38,98,83,0,0,1715776,110468,0
459,30,26,56,42,0,0,1189362,240828,0
460,29,95,78,54,1,0,874867,180161,0
461,34,98,72,47,0,0,1252856,77615,1
462,33,84,61,89,1,1,851580,221599,0
463,36,95,83,40,1,0,973679,155209,1
464,56,84,72,77,0,0,1234652,152457,0
465,44,25,77,41,1,1,688631,333925,0
466,26,67,25,88,1,1,1578466,247276,0
467,64,38,51,73,1,1,699473,270104,0
468,87,32,43,85,0,0,786836,98772,0
469,91,77,72,69,0,0,1768458,94513,1
470,75,34,100,76,1,1,330616,278056,0
471,41,55,62,56,1,1,860621,256020,1
472,66,65,82,57,1,1,689918,89157,0
473,99,38,44,46,1,1,544719,285702,0
474,77,40,93,62,1,1,635444,286934,0
475,58,40,36,50,1,1,1638761,209496,0
476,30,52,66,49,1,1,391287,180138,1
477,75,90,31,83,1,1,826714,186402,0
478,47,28,76,94,1,1,1148334,341479,0
479,95,56,37,69,1,1,413715,123291,0
480,32,53,41,52,0,0,1040080,245160,1
481,58,34,27,44,1,1,614712,388683,0
482,41,36,67,47,1,1,289540,291694,0
483,98,80,75,71,1,1,261828,250660,0
484,79,47,70,53,1,1,592484,194169,0
485,44,29,56,81,1,1,818880,311562,0
486,77,95,86,43,1,1,383965,196683,0
487,78,50,92,55,1,1,1522787,335032,1
488,70,86,94,90,1,1,1216446,230372,0
489,89,66,74,57,0,0,577101,63664,0
490,60,32,85,73,1,1,949591,356178,0
491,54,45,37,55,0,0,1577544,176433,1
492,53,98,74,62,1,1,564300,142327,0
493,65,70,100,41,1,1,1675247,234382,0
494,97,49,88,74,0,0,848131,142042,0
495,32,54,53,41,0,0,1304042,300603,1
496,68,47,66,43,1,1,245954,127443,0
497,43,39,92,95,1,0,965229,88027,0
498,100,37,68,59,1,1,876547,121539,1
499,80,87,65,51,1,0,1683070,344637,0
500,100,47,73,59,0,0,1739299,204411,1
501,98,75,97,42,1,1,581853,365825,0
502,53,97,38,99,0,0,1240575,123737,0
503,55,69,65,50,1,1,1534180,96517,0
504,67,82,26,56,1,1,639739,180831,0
505,69,57,38,86,1,1,202686,75243,0
506,74,81,78,50,1,1,1068261,308516,1
507,69,94,73,46,1,1,1205561,353067,0
508,53,45,82,44,1,1,270071,204617,0
509,58,38,34,61,1,1,556736,246848,0
510,34,95,36,61,1,1,1445772,371726,1
511,28,80,46,78,1,0,1110584,132367,0
512,51,49,77,84,1,0,1362057,333181,0
513,63,55,37,43,1,1,1023975,349772,0
514,87,44,31,63,1,1,208001,274188,0
515,86,50,37,41,0,0,634011,139565,1
516,39,64,75,70,1,1,1225710,396575,0
517,58,36,94,64,1,1,587724,244521,1
518,72,48,82,42,1,1,752171,280550,0
519,53,59,97,43,1,1,516943,399945,0
520,69,94,77,88,1,0,1436745,169282,0
521,91,78,93,83,1,1,1195778,350267,0
522,55,85,63,45,0,0,1027964,68207,0
523,82,47,46,53,0,0,604175,116157,1
524,80,50,43,93,0,0,1447905,185206,0
525,36,74,96,65,1,1,1357741,220984,0
526,26,100,91,90,0,0,1079952,108992,0
527,97,100,99,88,1,1,410143,105383,0
528,97,37,61,95,1,1,1323304,230286,0
529,58,74,87,76,1,0,1477086,298012,0
530,76,43,76,42,0,0,1030037,223798,1
531,59,72,27,61,1,1,835552,213026,0
532,87,37,54,48,1,1,830153,282317,1
533,66,59,78,78,0,0,1553826,96812,0
534,77,87,91,95,0,0,984146,79468,0
535,33,64,89,65,1,1,484478,324876,1
536,28,47,49,96,1,0,620954,80213,0
537,31,71,50,57,1,1,972489,293384,0
538,40,28,55,63,1,1,1225060,361449,0
539,85,100,95,62,1,1,921942,135728,0
540,36,61,28,64,1,1,304125,135410,1
541,52,53,53,83,1,1,633546,191077,0
542,77,90,27,95,0,0,1630676,54665,0
543,47,26,53,56,1,0,1475789,210148,0
544,73,69,83,56,1,1,657617,294684,0
545,91,75,99,46,1,1,215408,318180,1
546,72,96,61,59,1,0,1635318,106677,1
547,66,60,58,81,0,0,1691271,391556,0
548,91,55,32,91,0,0,1458361,261863,0
549,28,88,62,56,0,0,1077795,262126,1
550,98,49,68,86,1,0,1696043,166582,0
551,70,89,63,94,1,1,556487,394779,0
552,96,48,62,46,0,0,1187299,117079,1
553,67,36,53,62,1,1,668352,211001,0
554,67,72,58,77,1,1,816669,293144,0
555,40,85,31,95,0,0,1530426,355961,0
556,85,49,89,47,1,0,1627526,250104,0
557,44,42,50,61,1,1,1058137,348531,1
558,83,43,65,95,1,1,1700865,144558,0
559,87,67,47,60,1,0,1530640,80415,0
560,46,98,45,71,1,1,384636,117845,0
561,80,79,76,67,0,0,1201180,250968,1
562,26,66,92,52,0,0,237572,52162,0
563,69,64,41,46,1,1,1004363,313893,0
564,46,33,30,59,1,1,809910,289036,1
565,92,68,80,96,1,0,1640282,120144,0
566,70,49,46,100,0,0,1045973,60026,0
567,52,27,100,72,0,0,554386,114572,0
568,73,57,93,79,1,1,301894,361387,0
569,31,38,27,43,1,0,1646510,110707,0
570,57,85,44,53,1,0,1657923,380464,0
571,91,59,42,66,1,1,420021,318217,1
572,40,61,39,90,1,1,422851,310958,0
573,50,50,58,93,1,0,1297116,155734,0
574,62,45,30,75,1,0,1240931,158891,0
575,67,55,25,40,1,1,1608516,96663,1
576,88,44,36,89,0,0,1273123,89346,0
577,57,54,83,58,1,1,753910,293415,0
578,47,30,62,63,0,0,1619282,213948,0
579,30,26,42,82,1,0,1557273,139397,0
580,59,36,72,92,1,0,918741,145876,0
581,83,59,74,84,0,0,1202952,271113,0
582,39,41,32,100,1,0,534276,104375,0
583,97,81,48,79,0,0,996395,238009,0
584,86,87,39,96,1,1,1062525,281047,0
585,30,33,58,81,0,0,859004,56480,0
586,68,91,91,84,0,0,1669223,374135,0
587,86,69,74,49,1,1,1370932,371343,0
588,45,89,85,94,1,0,1239841,136719,0
589,66,55,67,57,1,1,305593,315776,0
590,73,76,55,45,1,1,1162791,282882,0
591,88,82,65,47,1,1,1243067,392555,0
592,76,77,29,75,1,1,1351543,50088,0
593,63,90,96,53,1,1,1572787,289184,0
594,31,53,83,61,1,1,1374721,374931,0
595,71,82,39,46,1,0,1792409,395458,0
596,62,95,91,63,0,0,1672402,105743,1
597,77,38,57,79,1,0,610877,148326,0
598,52,83,49,85,1,1,908698,106500,0
599,30,100,40,89,1,1,1144776,289802,0
600,100,89,42,71,1,1,209096,328063,0
601,31,95,80,93,1,1,1427087,303195,0
602,47,99,47,86,1,0,469236,104292,0
603,89,74,78,78,1,0,1652310,180148,0
604,62,82,42,48,1,1,1065589,365896,1
605,90,63,95,95,1,1,858318,340236,0
606,52,50,51,79,0,0,1698172,202347,0
607,47,89,94,84,1,0,1535628,219020,0
608,96,86,99,76,1,0,1599130,268878,0
609,79,26,91,46,1,1,252999,249685,0
610,32,50,59,88,1,1,537505,200269,0
611,57,43,32,84,1,1,818954,156955,0
612,29,70,82,46,1,1,1492073,344589,1
613,96,74,55,72,0,0,1659887,200805,0
614,73,74,78,90,1,1,1636861,213920,0
615,31,26,57,52,1,1,1501412,282293,1
616,72,100,94,87,1,1,1465394,153006,0
617,49,62,82,51,0,0,1631639,89043,1
618,40,73,30,67,1,1,785340,341817,0
619,45,99,57,40,1,1,893240,294491,1
620,44,30,44,99,1,1,876604,362937,0
621,31,63,87,90,1,0,1400990,338442,0
622,92,53,48,73,1,1,342976,314839,0
623,45,78,94,74,0,0,1046026,98205,0
624,67,67,71,58,1,1,658112,374157,0
625,96,26,39,82,1,1,925629,283657,0
626,55,56,30,83,1,1,873053,249949,0
627,39,74,57,74,1,0,1718286,198283,0
628,90,90,82,71,1,1,291963,205416,0
629,49,66,90,45,1,1,401235,137763,1
630,93,93,25,80,1,1,337304,160510,0
631,52,79,38,53,0,0,1327752,278189,1
632,44,28,83,85,0,0,895657,69863,0
633,47,57,96,44,1,1,1405783,169351,0
634,82,76,80,60,1,1,235422,254211,0
635,93,25,33,88,0,0,1764372,357027,0
636,70,89,38,58,1,0,1638391,207994,1
637,81,73,75,92,0,0,1585636,66158,0
638,42,75,94,58,1,0,1529690,125537,1
639,26,95,96,49,1,0,458442,71901,0
640,35,64,51,87,0,0,1754892,230277,0
641,45,48,53,79,0,0,730037,151882,0
642,95,84,95,44,0,0,809542,85317,1
643,87,67,70,48,1,0,1607808,393656,0
644,49,65,87,68,1,1,888591,373140,0
645,99,44,97,76,1,1,964398,215849,0
646,46,25,65,55,1,1,664573,385983,0
647,71,42,67,96,1,0,1206536,292665,0
648,87,95,38,51,1,0,1553819,368047,1
649,42,93,50,56,0,0,1738354,378528,1
650,89,28,99,77,1,1,1049628,359348,0
651,52,29,95,56,0,0,1339737,332946,0
652,53,100,62,48,1,1,1174548,312732,0
653,75,71,89,40,1,1,1589737,175242,1
654,46,90,42,68,1,1,533913,143923,0
655,97,43,86,100,1,0,952448,71191,0
656,54,33,58,63,1,0,690772,72443,0
657,83,30,30,81,1,0,879626,104119,0
658,58,99,94,76,1,1,564589,247478,0
659,73,71,100,81,1,1,363237,320880,0
660,57,73,53,73,1,1,1051112,235020,0
661,69,87,86,96,0,0,1467122,53459,0
662,81,46,54,44,1,1,1279071,387367,0
663,44,48,45,63,1,0,1462528,112039,1
664,39,86,86,70,1,1,641878,359744,0
665,45,77,27,55,1,1,290480,117048,0
666,45,42,90,42,1,0,1400135,126999,1
667,91,76,97,80,1,1,239049,396944,0
668,61,35,52,68,1,1,1471976,297156,0
669,77,43,99,92,1,1,581438,376742,0
670,90,58,46,86,1,1,1637788,229658,0
671,100,33,54,64,0,0,1008372,119317,1
672,89,78,44,78,1,1,401952,143020,0
673,85,29,93,72,0,0,1777861,111612,0
674,94,25,80,73,1,1,1082238,244184,0
675,92,79,54,100,0,0,1211086,249877,0
676,79,42,57,70,1,0,687614,93944,0
677,57,49,25,85,0,0,1759538,53729,0
678,91,25,73,81,1,1,630794,215623,0
679,77,71,38,49,1,1,1093536,391613,0
680,58,93,79,76,1,1,966811,370801,0
681,60,75,51,66,1,1,1357847,342323,0
682,72,96,96,70,1,1,732210,210774,0
683,98,69,75,87,1,1,489550,395654,0
684,40,54,82,90,1,0,1666562,134827,0
685,68,95,31,50,1,1,1016009,383382,0
686,36,43,85,99,1,0,1458805,278263,0
687,53,72,35,78,1,1,279178,251497,0
688,76,91,61,85,1,1,1452990,80127,0
689,47,88,81,40,1,1,623010,394396,1
690,91,61,49,42,0,0,1457273,317674,1
691,29,71,55,81,1,1,200602,132546,0
692,36,60,76,62,0,0,1604383,257168,1
693,33,36,95,58,1,1,1722823,343136,0
694,60,53,49,69,1,1,1047158,351416,0
695,47,77,89,46,1,0,1371533,87951,1
696,90,57,93,92,1,0,1405639,181146,0
697,97,86,56,88,1,1,912320,290568,0
698,83,100,28,70,1,1,443832,185171,0
699,33,73,53,83,1,1,1670472,170549,0
700,77,70,91,74,1,1,220391,188071,0
701,56,61,36,65,0,0,1612846,229302,1
702,70,52,98,57,1,1,583326,149702,0
703,50,55,55,95,0,0,756595,158411,0
704,70,44,38,47,1,1,364600,397825,0
705,25,94,30,94,1,0,1211439,244613,0
706,98,60,87,51,0,0,1271924,196940,0
707,79,86,94,42,0,0,1253766,232079,1
708,40,91,83,60,0,0,1645379,54413,0
709,37,66,71,79,0,0,744631,148121,0
710,59,85,68,63,1,1,585694,311499,0
711,78,72,71,94,0,0,1040103,196606,0
712,98,54,37,86,1,0,766124,173629,0
713,50,43,44,70,1,1,220431,142593,0
714,78,88,42,97,1,0,1522573,321060,0
715,87,63,57,75,0,0,1390835,75013,0
716,32,52,57,70,1,0,1520916,100489,0
717,58,71,71,75,1,0,1369144,185116,0
718,40,69,50,76,1,1,1407738,390716,0
719,93,47,61,62,1,1,881763,317619,0
720,82,35,73,79,1,1,800883,293139,0
721,43,46,68,66,0,0,1523876,371026,0
722,68,54,65,60,1,0,1569467,202754,0
723,81,71,100,73,0,0,1144323,267049,0
724,41,55,57,100,1,0,1760019,91976,0
725,38,37,33,99,1,1,1192342,337537,0
726,31,28,75,73,1,1,374590,104488,0
727,58,44,35,81,1,0,1017566,212199,0
728,81,41,41,73,1,0,557790,64979,0
729,66,85,84,95,0,0,1333687,192823,0
730,94,47,100,78,1,1,1157440,380850,0
731,97,80,92,80,1,0,1541187,329856,0
732,86,94,54,91,1,1,387808,281662,0
733,64,71,77,56,1,1,526563,209159,0
734,91,42,69,58,1,1,1183979,330545,0
735,87,86,63,40,0,0,1102688,203575,1
736,49,77,96,67,1,0,1027855,181017,1
737,53,58,35,67,1,0,1511397,175599,0
738,93,59,77,52,1,1,343579,145633,0
739,39,83,82,57,1,0,1668997,376502,0
740,31,93,27,51,1,1,414483,197909,0
741,81,26,54,45,1,0,516006,57720,0
742,88,72,84,84,1,1,266557,223145,0
743,35,43,32,57,0,0,1022968,87426,0
744,57,73,26,47,1,0,1698797,180527,0
745,29,50,83,87,1,1,397049,323226,0
746,51,85,74,83,1,1,854540,219378,0
747,45,30,95,73,1,1,456149,182808,0
748,86,63,50,63,1,1,309235,399540,0
749,39,55,80,60,1,1,231599,137745,1
750,99,40,75,90,1,1,709795,54681,0
751,99,85,44,63,1,1,387652,180402,0
752,36,68,32,43,1,1,945574,387942,0
753,93,38,41,71,1,1,687954,216062,0
754,96,69,81,86,1,0,604677,61195,0
755,42,57,30,71,1,0,1681902,279376,0
756,49,97,48,74,1,0,929105,219701,0
757,95,45,33,73,1,1,525111,285606,0
758,62,58,94,63,1,1,1152272,50377,0
759,48,27,71,89,0,0,1500648,175192,0
760,93,74,49,73,1,1,1632824,310859,0
761,44,61,66,66,0,0,1544072,218833,0
762,41,47,29,52,1,1,424510,304473,0
763,29,98,74,82,1,1,1227414,325681,0
764,100,57,31,63,1,1,662889,367694,1
765,26,51,87,99,1,1,367681,295397,0
766,32,71,96,87,1,1,1072317,243498,0
767,32,59,92,42,1,1,1739939,86903,0
768,52,91,37,46,0,0,1720795,171119,0
769,56,97,47,75,0,0,1771174,342626,0
770,98,70,83,84,1,1,1595114,273910,0
771,46,48,95,65,1,0,1258417,226953,1
772,65,95,66,94,1,1,979552,266186,0
773,80,66,55,76,1,0,1344261,162159,0
774,71,82,82,65,1,1,200410,68173,1
775,27,91,42,96,0,0,833007,53443,0
776,52,65,27,89,1,1,1646445,194681,0
777,90,96,98,99,1,0,1398756,131115,0
778,70,44,42,56,1,1,969828,355217,0
779,57,63,36,76,1,1,1038437,348353,0
780,52,34,66,90,0,0,1211945,140650,0
781,63,29,98,64,1,1,364579,79319,0
782,80,78,40,95,1,1,675461,392244,0
783,26,73,31,59,0,0,1299711,71591,0
784,53,44,31,83,1,1,1734231,255983,0
785,98,89,36,54,1,1,1105834,201929,0
786,68,35,85,76,1,0,1763038,75853,0
787,35,76,89,67,1,1,1663540,118354,0
788,50,87,75,81,0,0,1398167,152812,0
789,56,34,59,89,0,0,1101913,219560,0
790,39,77,79,63,0,0,930454,149871,1
791,46,69,81,79,1,1,505803,280929,0
792,30,54,50,83,1,1,983959,131784,0
793,35,39,31,55,1,1,1502336,127425,1
794,26,68,39,59,1,1,1143847,297039,0
795,51,93,52,53,1,1,1345934,324342,0
796,43,27,73,77,0,0,1591519,326194,0
797,32,61,50,90,1,0,1660722,373991,0
798,26,33,74,82,1,1,768979,397593,0
799,71,38,27,58,1,0,1561913,252649,0
800,37,65,87,95,0,0,1452222,328690,0
801,89,83,96,99,1,0,1694156,61266,0
802,67,87,75,87,1,0,529263,59632,0
803,70,63,55,72,1,0,778558,82510,0
804,28,96,60,54,1,1,518155,229194,1
805,42,36,73,73,1,1,1621858,371099,0
806,54,78,55,76,1,1,520338,273590,0
807,64,67,82,74,1,1,476346,158400,0
808,42,99,94,83,0,0,624275,122409,0
809,80,43,97,98,1,1,531450,216459,0
810,33,96,93,100,0,0,1708776,112069,0
811,28,65,77,66,1,1,836167,282261,1
812,60,44,49,46,1,1,475871,146860,0
813,59,97,54,78,1,0,686922,171064,0
814,35,86,42,72,1,0,1468172,295767,0
815,48,74,87,70,1,1,488385,135871,0
816,49,53,29,66,1,1,231487,191483,1
817,53,50,51,44,1,1,571359,280311,1
818,87,66,83,96,1,1,717543,274162,0
819,76,30,73,86,1,1,856193,256648,0
820,98,93,92,81,1,0,1676631,70191,0
821,83,30,56,73,1,1,1327993,257414,0
822,30,96,74,73,1,0,1522565,75845,0
823,75,63,61,69,1,1,549147,271491,0
824,31,91,43,69,0,0,1554973,286819,0
825,99,94,42,65,0,0,1067296,219586,1
826,50,83,36,56,1,1,879634,390040,1
827,45,40,36,47,0,0,1681064,285614,1
828,74,90,45,64,0,0,1354158,249547,1
829,97,44,45,95,1,1,503263,143777,0
830,31,78,64,59,0,0,1731260,283967,0
831,41,50,25,79,1,0,730812,56400,0
832,94,25,88,55,1,1,654817,358733,0
833,83,77,81,45,1,0,1460842,364626,0
834,96,51,31,51,0,0,510915,78869,0
835,29,98,63,61,0,0,383925,75706,0
836,61,98,96,51,1,1,1154912,353545,0
837,29,36,63,60,1,1,972946,248673,1
838,79,95,33,58,1,0,1187374,120540,0
839,77,92,51,84,1,1,638411,370892,0
840,32,38,98,86,1,1,1519063,327320,0
841,86,61,79,78,1,0,863724,186136,0
842,41,97,88,73,0,0,1729211,381275,0
843,54,62,49,40,0,0,447898,62575,1
844,51,78,77,42,1,1,900013,233317,0
845,52,26,50,84,1,1,790614,183388,0
846,64,63,89,75,1,0,879317,53214,0
847,68,75,97,79,1,1,261063,142080,0
848,49,67,68,99,1,1,1610278,301190,0
849,29,42,86,49,1,1,1515334,291496,0
850,67,84,77,99,1,1,1757312,79371,0
851,63,97,65,75,1,0,1323833,59813,0
852,70,33,44,57,1,1,265374,227813,1
853,93,46,98,78,1,0,1016979,148240,0
854,65,29,59,66,1,1,382028,310599,1
855,72,82,63,53,1,0,1301215,208501,1
856,50,36,81,72,1,1,252292,303054,0
857,89,44,49,61,1,1,1213914,324531,0
858,66,43,37,92,0,0,1282437,119582,0
859,83,74,91,47,1,1,208619,213043,1
860,36,67,84,96,1,1,296762,104055,0
861,91,64,27,76,0,0,1790676,213652,0
862,66,50,49,58,1,1,780176,329065,0
863,81,40,59,49,1,1,530293,193464,0
864,96,90,38,53,1,0,1337765,233667,0
865,61,98,56,50,1,1,349407,213251,0
866,68,94,81,43,0,0,472784,65200,0
867,31,36,79,65,1,1,575354,362539,1
868,82,70,64,61,1,1,615544,329699,0
869,84,97,41,45,1,0,1665069,295511,0
870,84,85,54,100,1,1,669330,125351,0
871,58,71,75,51,1,0,1667198,398746,0
872,28,33,85,47,1,1,937024,300951,0
873,46,61,69,78,1,0,1405187,116791,0
874,38,66,96,81,1,1,348738,208396,0
875,93,84,76,77,0,0,1067050,175082,0
876,86,74,33,61,1,1,636707,359838,0
877,80,97,68,74,0,0,1655702,173812,0
878,98,87,39,77,0,0,1450060,292697,0
879,81,47,64,65,1,1,345977,363660,0
880,73,66,88,81,0,0,1584465,82234,0
881,99,25,43,82,1,1,512929,287489,0
882,93,62,74,79,1,0,1412010,284440,0
883,63,97,63,98,1,1,1111688,230493,0
884,99,26,90,65,1,1,467503,204237,0
885,95,31,25,85,1,0,1374468,238347,0
886,28,55,80,84,1,0,1437663,256710,0
887,76,73,80,74,1,1,642952,397334,0
888,47,85,42,52,1,1,1364803,251638,0
889,78,44,61,95,0,0,1605230,115823,0
890,27,43,87,82,1,0,1115899,121185,0
891,83,79,48,69,1,0,1268320,272363,0
892,53,48,79,78,1,1,215581,353006,0
893,88,55,89,57,1,1,1061589,336348,0
894,29,29,97,70,1,0,1678245,243241,0
895,35,43,92,94,0,0,1774084,196496,0
896,91,36,56,70,1,1,1522595,397989,0
897,34,94,99,59,1,1,1485636,77668,0
898,26,85,83,72,1,1,1184051,350923,0
899,67,78,70,91,1,0,817858,201628,0
900,97,58,32,80,1,1,1192289,353112,0
901,46,98,31,82,1,1,811850,377321,0
902,28,61,87,45,1,1,465963,315077,0
903,60,57,41,79,1,1,789240,194293,0
904,26,39,47,98,1,0,1441031,129238,0
905,47,58,55,71,1,1,579184,326503,0
906,29,68,35,49,1,1,1448946,130819,1
907,77,74,55,82,1,1,1123134,384272,0
908,46,51,98,86,0,0,923676,78482,0
909,31,46,84,65,0,0,1198730,208003,0
910,74,85,58,49,1,0,1312417,277925,0
911,65,92,30,46,1,1,1314202,384193,0
912,80,59,67,57,1,0,760123,101525,0
913,55,100,49,73,0,0,907592,144328,0
914,26,33,26,66,1,1,404889,325389,0
915,82,69,53,86,0,0,794116,182066,0
916,36,32,52,100,1,1,1457001,384539,0
917,40,40,36,94,0,0,1468118,118108,0
918,39,48,57,58,1,1,1179276,396280,1
919,83,60,79,84,0,0,1600015,219556,0
920,60,32,73,64,1,0,897627,81488,0
921,33,87,50,79,0,0,1023414,143555,0
922,43,94,80,53,1,1,1487580,387294,0
923,81,58,38,42,1,0,352923,86916,1
924,27,88,44,81,1,1,1542880,50454,0
925,74,59,44,84,1,1,891705,255169,0
926,98,25,90,85,0,0,1229029,300682,0
927,94,53,25,64,1,0,1645485,302741,0
928,63,76,32,80,1,0,1557013,97535,0
929,35,83,62,81,1,0,625974,142598,0
930,49,63,74,97,1,1,423908,380624,0
931,70,87,35,96,0,0,1527059,279629,0
932,29,49,28,86,0,0,1443496,175034,0
933,94,64,88,74,0,0,1142265,58607,0
934,68,30,76,47,1,1,643921,392805,0
935,83,93,44,87,1,1,1414976,172151,0
936,29,43,87,81,1,1,239978,297054,0
937,30,56,41,40,1,1,561232,381696,0
938,64,37,83,79,1,1,557961,359876,0
939,33,38,39,71,1,1,1447758,372766,0
940,53,33,50,67,1,1,907459,260768,0
941,98,94,42,60,1,0,647179,73900,0
942,60,43,78,50,1,0,1660238,243948,0
943,99,30,42,46,0,0,1525808,371095,0
944,87,35,25,40,1,0,576256,96735,0
945,85,41,51,49,1,0,1541811,192055,0
946,47,29,48,85,1,1,1248340,370890,0
947,36,63,69,66,1,1,209584,342400,0
948,40,92,37,79,1,1,958962,332970,0
949,89,53,84,89,1,1,1513790,395677,0
950,51,60,31,52,1,1,436305,128232,0
951,85,88,47,50,1,0,1605390,72604,0
952,80,57,67,79,0,0,1790496,287579,0
953,93,47,45,90,1,1,260954,304311,0
954,90,39,34,97,1,1,693459,283214,0
955,100,99,66,66,1,1,616811,220752,0
956,39,66,54,46,1,1,697273,266318,1
957,73,53,34,70,1,0,1427027,303969,0
958,43,52,83,51,0,0,1012290,245813,1
959,59,50,67,48,1,1,267307,348144,0
960,42,39,84,69,1,1,1077078,139758,0
961,62,45,46,76,1,0,1359212,170430,0
962,52,100,85,93,1,0,1170484,196365,0
963,56,56,66,67,1,1,1415230,166605,0
964,44,98,25,66,1,1,292744,71002,1
965,89,29,79,73,1,1,1026949,301275,0
966,37,82,88,55,1,1,374255,342808,1
967,77,52,41,62,0,0,820317,175337,0
968,64,45,83,94,1,1,1396175,356005,0
969,28,83,84,89,1,1,490715,262525,0
970,48,72,84,85,1,1,1528340,50714,0
971,34,74,67,73,1,1,268606,205498,0
972,79,59,94,76,1,0,634417,92445,0
973,32,90,71,96,1,1,308134,108178,0
974,74,71,84,79,1,1,285719,241664,0
975,71,47,96,85,1,1,340521,343998,0
976,51,42,67,55,0,0,1331694,109536,1
977,53,66,70,97,1,1,760690,314013,0
978,79,60,31,44,0,0,981847,230998,1
979,93,93,62,68,1,1,1502229,243014,1
980,33,49,83,45,1,1,368129,254830,1
981,61,34,38,50,1,0,778693,108733,0
982,51,91,27,58,1,1,1073540,333867,1
983,85,69,78,68,0,0,1747088,388000,0
984,54,91,67,66,1,0,1413631,229721,0
985,92,95,81,69,1,1,837706,347403,0
986,64,46,58,54,1,1,1215531,244983,1
987,31,43,70,58,0,0,1156147,137222,1
988,61,48,47,93,1,1,1685016,399362,0
989,45,55,39,42,1,1,864012,351216,0
990,58,72,48,53,1,0,1379621,68187,0
991,82,94,45,74,1,1,832416,113695,0
992,76,88,43,100,1,0,1160581,217886,0
993,62,85,62,100,1,0,1781591,350798,0
994,68,39,86,97,1,1,284055,123097,0
995,95,39,64,41,1,1,1042278,373759,1
996,82,70,36,60,1,1,315413,368846,0
997,99,92,53,90,1,0,782855,152611,0
998,36,90,75,52,0,0,1228580,216596,1
999,71,75,43,85,0,0,1096827,243792,0
1000,61,69,69,59,1,1,1134440,344142,0
